{
    "model_name": "Distillation",
    "epochs": [
        1,
        2,
        3,
        4,
        5,
        6,
        7,
        8,
        9,
        10,
        11,
        12,
        13,
        14,
        15,
        16,
        17,
        18,
        19,
        20,
        21,
        22,
        23,
        24,
        25,
        26,
        27,
        28,
        29,
        30,
        31,
        32,
        33,
        34,
        35,
        36,
        37,
        38,
        39,
        40,
        41,
        42,
        43,
        44,
        45,
        46,
        47,
        48,
        49,
        50
    ],
    "train_loss": [
        3.6520555269307104,
        3.038843939879845,
        2.7810391731919912,
        2.6310900530321844,
        2.553668434208837,
        2.4841324996948244,
        2.4749560586337385,
        2.44644930576456,
        2.4272661735271583,
        2.4209656123457286,
        2.396348703647482,
        2.3870196677898536,
        2.3754571937692575,
        2.356587669109476,
        2.3618279812253755,
        2.3453846165229533,
        2.331513690619633,
        2.329336101597753,
        2.3203420622595425,
        2.3136898395932954,
        2.314221549198545,
        2.300577143636243,
        2.295656243686018,
        2.2890371776449268,
        2.285865566319433,
        2.286964735162669,
        2.276297469961232,
        2.2667250925919107,
        2.2634606696819435,
        2.262388229370117,
        2.2544762157571725,
        2.2515911200950884,
        2.2508521181961587,
        2.2411206311193004,
        2.2364363969605545,
        2.2382371849849307,
        2.2294737365328032,
        2.2232610709091714,
        2.2181342654392635,
        2.220756144688047,
        2.216129851176821,
        2.2097782085681783,
        2.2036374975072928,
        2.2023082404301086,
        2.198751747197118,
        2.195414069767656,
        2.1950667368132493,
        2.1901507050415567,
        2.1832594759710906,
        2.1854493713378904
    ],
    "val_dice": [
        0.014162630323440797,
        0.0019652889140190618,
        0.0006180667889214331,
        0.7782206881430841,
        0.8241002271252293,
        0.818628357302758,
        0.8424778292256017,
        0.8411419506995909,
        0.8432530183945933,
        0.8684857891451928,
        0.8574399851983593,
        0.8401330728684703,
        0.8980695143822701,
        0.8992510514874612,
        0.8819446602175313,
        0.908637685160483,
        0.9175834886489376,
        0.9189363064304474,
        0.9063353269330917,
        0.8953725445655084,
        0.8990950719002755,
        0.9175739153738944,
        0.8883048430565865,
        0.9157756490092124,
        0.9192328760700841,
        0.9049615494666561,
        0.9099997185891674,
        0.8943244699508913,
        0.9115249206942897,
        0.9070322744307979,
        0.9237248263051433,
        0.9206779156961749,
        0.9208885527426197,
        0.9233929226475377,
        0.9216640822349056,
        0.9360007855199999,
        0.9148630153748297,
        0.9254447875484344,
        0.9234643328574396,
        0.9269275703737813,
        0.9279588883922946,
        0.9242715643298242,
        0.9290169112143978,
        0.9186611886947386,
        0.9149899886500451,
        0.9266441329833,
        0.8999726233943817,
        0.9224444820034888,
        0.9235609289138548,
        0.9050110463173159
    ],
    "val_iou": [
        0.00714451564295638,
        0.0009839273989200592,
        0.00030914479265770604,
        0.6497338000805147,
        0.7103992777486001,
        0.7054131146400205,
        0.740224136460212,
        0.7390396460410087,
        0.7438867678565364,
        0.7739368907866939,
        0.7608119874231277,
        0.7386609354326802,
        0.8188638917861446,
        0.8195419580705704,
        0.7907969413265106,
        0.8353883643304149,
        0.8501099636477809,
        0.8522460076116747,
        0.8330770884790728,
        0.8177498156024564,
        0.8203796725119313,
        0.8507020300434481,
        0.8070920302021888,
        0.8477290791849936,
        0.8537658568351499,
        0.8330228559432491,
        0.8387387644860053,
        0.8185252316536442,
        0.8409843079505428,
        0.8328453340838032,
        0.8602268465103642,
        0.8552760654880155,
        0.855877407135502,
        0.8606062493016643,
        0.8580469296824548,
        0.8815898895263672,
        0.8461812869195016,
        0.8631491353434901,
        0.8622067474549816,
        0.865428755360265,
        0.8680967419378219,
        0.8604445361321972,
        0.8691780913260675,
        0.8524403802810177,
        0.8481963488363451,
        0.8655971519408687,
        0.824098244790108,
        0.8588336879207242,
        0.8594743244109615,
        0.8325790166854858
    ]
}