{
    "model_name": "Baseline",
    "epochs": [
        1,
        2,
        3,
        4,
        5,
        6,
        7,
        8,
        9,
        10,
        11,
        12,
        13,
        14,
        15,
        16,
        17,
        18,
        19,
        20,
        21,
        22,
        23,
        24,
        25,
        26,
        27,
        28,
        29,
        30,
        31,
        32,
        33,
        34,
        35,
        36,
        37,
        38,
        39,
        40,
        41,
        42,
        43,
        44,
        45,
        46,
        47,
        48,
        49,
        50
    ],
    "train_loss": [
        0.7366796189752118,
        0.4264471571609892,
        0.3244264535246224,
        0.27831142548857063,
        0.24865383041316066,
        0.225185212883456,
        0.20772368040578118,
        0.1981025381334897,
        0.18475535037188695,
        0.17365438047154197,
        0.1640127675492188,
        0.15997929519620435,
        0.1562467543010054,
        0.1483283647175493,
        0.1401093375888364,
        0.13610788809842078,
        0.13218808291287257,
        0.12470958579203179,
        0.12737305320542433,
        0.11819002093939945,
        0.11428656860672194,
        0.11659959205265703,
        0.11492699928324798,
        0.11340270998149082,
        0.10754010772910612,
        0.10788280238365305,
        0.10631912196504659,
        0.10252611865257395,
        0.10191760227597993,
        0.10202993647805576,
        0.09610855185780032,
        0.08775371561790335,
        0.09224460899829864,
        0.09747543832351421,
        0.09484354089046347,
        0.08630142211914063,
        0.08757009126502892,
        0.0854559568495586,
        0.08633684066862896,
        0.0823290597159287,
        0.08271403260272124,
        0.08113072645561449,
        0.08591097219236966,
        0.08308657872265783,
        0.08017833413748905,
        0.08121238359089555,
        0.07669586378952553,
        0.07604539335801684,
        0.07581935374901212,
        0.07448838464145002
    ],
    "val_dice": [
        0.734667424232729,
        0.7737379381733556,
        0.828087083755001,
        0.8289101796765481,
        0.8290125246970884,
        0.8647472127791374,
        0.840178660808071,
        0.8638021253770397,
        0.8682687321016865,
        0.8733618624748722,
        0.8780412673950195,
        0.8975818657105968,
        0.8706914532569147,
        0.8681626204521425,
        0.8884727820273368,
        0.8896265856681331,
        0.9009917320743683,
        0.9131235191898961,
        0.9058706395087703,
        0.8947298353718173,
        0.9164080754403146,
        0.9195357734157193,
        0.8717617430994588,
        0.9236261690816572,
        0.9290547870820568,
        0.8863857811497103,
        0.9254156831772097,
        0.8975167697475802,
        0.9132502713511067,
        0.9307673958040052,
        0.9279150597510799,
        0.9197145104408264,
        0.931848535614629,
        0.926512562459515,
        0.92347901867282,
        0.9307122268984395,
        0.9314196359726691,
        0.9213671722719746,
        0.9323358055083982,
        0.9236021099552032,
        0.917347833033531,
        0.9441611132314128,
        0.942708186564907,
        0.9386119842529297,
        0.9369912955068773,
        0.936923328907259,
        0.9223904378952519,
        0.9346832882973456,
        0.9176346851933387,
        0.9306832898047662
    ],
    "val_iou": [
        0.5877329053417328,
        0.6378326377561016,
        0.7143138300987982,
        0.7151799913375608,
        0.7156618718178042,
        0.7692208559282364,
        0.7338718483524937,
        0.768121398264362,
        0.7728312092442666,
        0.7814283082562108,
        0.7911107213266434,
        0.8181042190520994,
        0.7805758695448598,
        0.7736229377408181,
        0.8073197084088479,
        0.8068184833372792,
        0.8235040749272993,
        0.843260936198696,
        0.8311802494910455,
        0.816823378685982,
        0.8476831836085166,
        0.8528426520286068,
        0.7802585824843375,
        0.8601960847454686,
        0.8688232764121024,
        0.8031565066306822,
        0.8630388802097689,
        0.820335530465649,
        0.846420411140688,
        0.8728880497717089,
        0.8673026830919327,
        0.8544317483901978,
        0.8744189508499638,
        0.8653611367748629,
        0.8609816797317997,
        0.8732202822162259,
        0.8735796540014206,
        0.8565138578414917,
        0.8745383216488746,
        0.8603762330547455,
        0.850705042962105,
        0.8952479920079631,
        0.8936548098441093,
        0.8863482109961971,
        0.8846468214065798,
        0.884428414606279,
        0.8597413647559381,
        0.8793500085030833,
        0.8509891340809483,
        0.8725778672002977
    ]
}