{
    "model_name": "Teacher",
    "epochs": [
        1,
        2,
        3,
        4,
        5,
        6,
        7,
        8,
        9,
        10,
        11,
        12,
        13,
        14,
        15,
        16,
        17,
        18,
        19,
        20,
        21,
        22,
        23,
        24,
        25,
        26,
        27,
        28,
        29,
        30,
        31,
        32,
        33,
        34,
        35,
        36,
        37,
        38,
        39,
        40,
        41,
        42,
        43,
        44,
        45,
        46,
        47,
        48,
        49,
        50
    ],
    "train_loss": [
        1.085005053980597,
        0.6731919132429978,
        0.4884744543042676,
        0.37483771768109553,
        0.30639543765577776,
        0.2599318644507178,
        0.2291447729488899,
        0.22190461791794874,
        0.20506710451224755,
        0.2016721365780666,
        0.18216918850767203,
        0.1691523089696621,
        0.15685971601256007,
        0.14492170300976984,
        0.13276288100357714,
        0.12675903525845758,
        0.13349023189010292,
        0.12310835766381231,
        0.12596948333855332,
        0.12836194895464798,
        0.11820399292584123,
        0.12441435215802028,
        0.1185313925866423,
        0.11320229102825297,
        0.10828482142810164,
        0.10727173141364393,
        0.10254847625206256,
        0.10584989512275005,
        0.09979766775821818,
        0.09787989289596163,
        0.09817658531254736,
        0.09929655495388755,
        0.09023681647818664,
        0.09220134853289046,
        0.0902671283277972,
        0.08836295015853027,
        0.0828746141750237,
        0.09124399799725105,
        0.0860864508152008,
        0.08695505164820573,
        0.0833740167371158,
        0.0814217124519677,
        0.09787168121029591,
        0.08577692804665402,
        0.07864637415984581,
        0.07660678198625301,
        0.07722359715093827,
        0.0809511117071941,
        0.07412920255085517,
        0.07431832120336335
    ],
    "val_dice": [
        0.7849022284630807,
        0.7633239492293327,
        0.804887798524672,
        0.8376510816235696,
        0.8767324282277015,
        0.8647587856938762,
        0.8967622172447943,
        0.9112634774177305,
        0.8512370970941359,
        0.9058686379463442,
        0.8744658616281324,
        0.8947085680500153,
        0.9020178914070129,
        0.9017024232495215,
        0.9307894014543102,
        0.9143377004131195,
        0.923838403917128,
        0.9304126193446498,
        0.8938279844099476,
        0.9249941552838972,
        0.9219570217594024,
        0.9267325939670685,
        0.9159477526141752,
        0.9233458119053994,
        0.9301952854279549,
        0.9181501903841572,
        0.9363722339753182,
        0.9179656486357411,
        0.9182776885647927,
        0.8974483224653429,
        0.9309486708333415,
        0.9143980049317882,
        0.8969792108381948,
        0.9037419307616449,
        0.9387995062335845,
        0.936023925581286,
        0.9377897362555226,
        0.9371555582169564,
        0.9343900372905116,
        0.9415295258645089,
        0.9341342276142489,
        0.9081129297133415,
        0.9176776082284989,
        0.9389044277129635,
        0.9226703816844571,
        0.9169734120368958,
        0.9440255953419593,
        0.9351005515744609,
        0.929090472959703,
        0.9277278146436138
    ],
    "val_iou": [
        0.6553906759908122,
        0.6283396174830775,
        0.6883690895572785,
        0.7288573595785326,
        0.7873696857883085,
        0.7630189830257047,
        0.8187457246165122,
        0.8393797143813102,
        0.7637062707254964,
        0.8305159634159457,
        0.7818320335880402,
        0.8135688670219914,
        0.8278594055483418,
        0.8253165483474731,
        0.8717267494047841,
        0.8457778365381302,
        0.860340081876324,
        0.8715425537478539,
        0.8138375455333341,
        0.8616495709265432,
        0.8559311705250894,
        0.8646062381805912,
        0.8480935981196742,
        0.859418136458243,
        0.8704985841628043,
        0.8505727860235399,
        0.881206912379111,
        0.8500188819823726,
        0.8509524099288448,
        0.818059915496457,
        0.872602439695789,
        0.8476478130586685,
        0.8147310441540133,
        0.8299274194625116,
        0.8857867333196825,
        0.8813727921055209,
        0.883438604493295,
        0.8827302090583309,
        0.8782473225747386,
        0.8909405412212494,
        0.8770627763963514,
        0.8353388982434427,
        0.8493596046201645,
        0.8860865389147112,
        0.8574437229864059,
        0.848989567449016,
        0.8950113731045877,
        0.8791824925330377,
        0.868939136305163,
        0.8669430421244714
    ]
}